{
  "app": {
    "port": 8000
  },
  "db": {
    "postgres": {
      "host": "localhost",
      "port": 5432,
      "name": "Nex",
      "user": "postgres",
      "password": "admin",
      "dialect": "postgres"
    },
    "redis": {
      "host": "localhost",
      "port": 6379
    }
  },
  "nodeMailer": {
    "emailName": "team.float.dev@gmail.com",
    "emailAppPassword": "mupwozehpayeisap"
  },
  "rabbitmq": {
    "connectionURI": "amqp://root:admin@localhost"
  },
  "jwtSecret": "bODcfUiE_GPWvhQN3gHi88ysdC09-ef64-5SGE_GSks="
}
